[
  {
    "name": "Mahmoud elaraby",
    "email": "elarabyahmed252@gmail.com",
    "destination": "bali",
    "rooms": "1",
    "adults": "7",
    "children": "4",
    "checkin": "2025-05-12",
    "checkout": "2025-05-30"
  },
  {
    "name": "ahmed mohamed",
    "email": "a2841864@gmail.com",
    "destination": "bali",
    "rooms": "9",
    "adults": "7",
    "children": "5",
    "checkin": "2025-05-09",
    "checkout": "2025-05-31"
  },
  {
    "name": "Mahmoud elaraby",
    "email": "elarabyahmed252@gmail.com",
    "destination": "bali",
    "rooms": "1",
    "adults": "7",
    "children": "4",
    "checkin": "2025-05-12",
    "checkout": "2025-05-30"
  },
  {
    "name": "محمد العربي",
    "email": "a2841864@gmail.com",
    "destination": "paris",
    "rooms": "4",
    "adults": "3",
    "children": "2",
    "checkin": "2025-05-20",
    "checkout": "2025-05-03"
  }
]